original_topics,compressed_insights
"['free weights availability', 'hygiene and cleanliness', 'reporting feature for issues']","1. Increase free weights inventory to meet customer demand.
2. Implement regular cleaning schedules to maintain hygiene and cleanliness.
3. Develop a user-friendly reporting feature for members to report issues."
"['Air conditioning', 'Pricing', 'Music and advertisements']","1. Optimize air conditioning costs by implementing energy-efficient systems and scheduling maintenance to reduce energy consumption and expenses.
2. Review and adjust pricing strategy to ensure competitiveness, value for money, and alignment with market trends and customer expectations.
3. Enhance customer experience by curating a diverse and engaging music and advertisement selection, and consider feedback for continuous improvement."
"['Temperature control', 'Shower temperature', 'User comfort']","1. Implement a smart temperature control system to optimize energy usage and enhance user comfort.
2. Regularly monitor and adjust shower temperatures to ensure consistent user satisfaction.
3. Conduct user surveys to identify comfort preferences and adjust facilities accordingly.
4. Invest in high-quality, energy-efficient shower systems to improve user experience and reduce costs.
5. Train staff to understand and maintain optimal temperature settings for maximum comfort and efficiency."
"['Space and Capacity', 'Accessibility and Facilities', 'Crowd Management and Peak Times']","1. Optimize gym space utilization to maximize member capacity and revenue.
2. Enhance accessibility features to attract a diverse clientele and improve user experience.
3. Implement crowd management strategies to ensure smooth operations during peak hours."
"['Womens area equipment', 'Leg machines', 'Facility layout']","1. Invest in high-quality, diverse equipment for the women's area to attract and retain female members.
2. Prioritize the addition of leg-focused machines to cater to members' fitness goals and enhance workout variety.
3. Redesign the facility layout to optimize space, improve member flow, and create a more welcoming environment."
"['Class booking flexibility', 'Cancellation policy', 'Last-minute plan changes']","1. Implement a dynamic class booking system to allow for greater flexibility and accommodate customer preferences.
2. Revise the cancellation policy to be more customer-friendly, potentially offering partial refunds or credit for future classes.
3. Develop a streamlined process for handling last-minute plan changes, ensuring minimal disruption to both customers and staff."
"['Customer service response time', 'Lifting equipment availability', 'Efficiency of gym operations']","1. Improve customer service response time by implementing a dedicated support team and utilizing automated response systems.
2. Increase lifting equipment availability by regularly assessing and replenishing equipment inventory.
3. Enhance gym operations efficiency by streamlining processes, optimizing staff schedules, and utilizing technology for better management."
"['cleanliness of changing rooms', 'maintenance of toilets', 'quality of exercising machines']","1. Implement a regular cleaning schedule for changing rooms to enhance customer satisfaction and safety.
2. Establish a routine maintenance plan for toilets to ensure hygiene and prevent breakdowns.
3. Regularly inspect and maintain exercising machines to ensure optimal performance and safety for gym members."
"['Workout sauna place', 'Air conditioning usage', 'Comfort during workouts']","1. Invest in high-quality air conditioning systems to ensure a comfortable workout environment, leading to increased customer satisfaction and retention.
2. Consider adding a dedicated workout sauna area to diversify services and attract a wider range of customers seeking unique wellness experiences.
3. Regularly maintain and upgrade gym equipment to enhance comfort during workouts, improving customer experience and encouraging longer workout sessions."
"['Cleaning facilities', 'Blue roll cleaning spray', 'More cleaning stations']","1. Increase the frequency of cleaning to ensure a consistently clean environment.
2. Stock and promote the use of blue roll cleaning spray for its effectiveness.
3. Add more cleaning stations to improve accessibility and convenience for staff.
4. Train staff on proper cleaning techniques to maintain high hygiene standards.
5. Monitor and evaluate the cleanliness of facilities regularly to ensure compliance with health and safety regulations."
"['Upgrade gym equipment', 'Increase gym space', 'Improve machine availability']","1. Invest in high-quality, modern gym equipment to attract new members and retain existing ones.
2. Expand gym facilities to accommodate more members and provide a more comfortable workout environment.
3. Optimize equipment maintenance schedules to ensure machines are always available and in good working condition."
"['Age-appropriate content', 'Behavioral management', 'Space utilization']","1. Develop age-specific workout programs to cater to different age groups and ensure safety and engagement.
2. Implement a behavioral management system to maintain a positive and respectful gym environment.
3. Optimize gym layout and equipment placement to maximize space efficiency and user experience."
"['Machine Maintenance', 'Wiring Issues', 'User Satisfaction']","1. Implement a regular machine maintenance schedule to minimize downtime and ensure equipment reliability.
2. Investigate and resolve wiring issues promptly to maintain a safe and efficient gym environment.
3. Conduct user satisfaction surveys to identify areas for improvement and enhance overall customer experience."
"['Long Plan Leave', 'Changing Room Toilets', 'Closed Toilets']","1. Implement a streamlined process for long-term leave requests to ensure employee satisfaction and operational efficiency.
2. Upgrade and maintain changing room toilets to meet hygiene standards and enhance customer experience.
3. Develop a contingency plan for closed toilets to minimize disruption and maintain gym operations during maintenance or unexpected closures."
"['Cost saving issue', 'Music volume', 'Overnight availability']","1. Implement a cost-effective staffing model to reduce expenses.
2. Adjust music volume levels to enhance customer experience and comfort.
3. Increase gym hours or add a 24/7 service option to meet customer demand for overnight availability."
"['shower facilities', 'temperature control', 'coffee service']","1. Invest in high-quality shower facilities to enhance customer satisfaction and retention.
2. Implement a reliable temperature control system to ensure a comfortable workout environment.
3. Offer a premium coffee service to attract and retain members, boosting overall gym experience."
"['Improving safety measures', 'Addressing sexual assault and predatory behavior', 'Enhancing customer support and accountability']","1. Implement comprehensive safety protocols and training to prevent accidents and injuries.
2. Establish a zero-tolerance policy for sexual assault and predatory behavior, with clear reporting and disciplinary procedures.
3. Strengthen customer support systems and hold staff accountable for their actions to ensure a positive gym experience."
"['User Interface Design', 'Feature Set Expansion', 'Instructional Content Quality']","1. Enhance user experience by simplifying the interface and improving navigation.
2. Introduce new, high-demand features to attract and retain members.
3. Improve instructional content with clear, concise, and engaging videos."
"['cardio equipment maintenance', 'weight machine availability', 'bench station sufficiency']","1. Implement a regular maintenance schedule for cardio equipment to ensure optimal performance and safety.
2. Monitor and manage weight machine inventory to ensure sufficient availability for members.
3. Assess and adjust the number of bench stations to meet member demand and maximize space utilization."
"['User Interface Design', 'Content Variety', 'Pricing Structure']","1. Enhance User Experience: Redesign the gym's website and app interface to be more intuitive and user-friendly, ensuring easy navigation and accessibility.
2. Diversify Offerings: Introduce a wider range of fitness classes, workshops, and events to cater to different interests and fitness levels, keeping the content fresh and engaging.
3. Optimize Pricing: Review and adjust the gym's pricing structure to offer competitive rates, flexible membership options, and value-added services to attract and retain members."
"['Locker and changing room facilities', 'Shower temperature control', 'Maintenance and repairs']","1. Enhance locker and changing room amenities to improve customer satisfaction and retention.
2. Implement a user-friendly shower temperature control system to ensure a comfortable experience for all members.
3. Establish a proactive maintenance and repair schedule to minimize downtime and maintain equipment quality."
"['Upgrade equipment', 'Improve customer service', 'Enhance gym facilities']","1. Invest in high-quality, modern equipment to attract new members and retain existing ones.
2. Train staff to provide exceptional customer service, ensuring member satisfaction and loyalty.
3. Upgrade gym facilities with state-of-the-art amenities to create a more appealing and comfortable environment."
"['Noise-cancelling headphones', 'Crowded gym', 'Equipment availability']","1. Invest in noise-cancelling headphones for members to enhance their workout experience in crowded gyms.
2. Increase equipment availability to reduce overcrowding and improve member satisfaction.
3. Consider implementing a booking system for popular equipment to manage gym capacity effectively.
4. Explore partnerships with headphone manufacturers for potential discounts or sponsorships.
5. Regularly assess and adjust equipment inventory based on member usage patterns and feedback."
"['Cardio equipment availability', 'Locker shower temperature', 'Peak hours management']","1. Increase cardio equipment availability during peak hours to reduce wait times and improve member satisfaction.
2. Implement a feedback system to monitor and adjust locker shower temperatures to meet member preferences.
3. Develop a scheduling system to manage peak hours effectively, ensuring optimal gym space utilization and member experience."
"['Parking facilities', 'Car parking management', 'Customer wait time']","1. Optimize parking space allocation to reduce customer wait time.
2. Implement a car parking management system to streamline parking operations.
3. Enhance customer experience by minimizing wait times through efficient parking management.
4. Invest in technology to improve parking facility management and customer satisfaction.
5. Monitor and adjust parking strategies to balance customer convenience and gym capacity."
"['24h gym availability', 'gym equipment quality', 'gym cleanliness and maintenance']","1. Prioritize 24-hour gym access to attract and retain members, potentially increasing membership and revenue.
2. Invest in high-quality gym equipment to enhance member satisfaction and attract new clients.
3. Implement a rigorous cleaning and maintenance schedule to ensure a safe and hygienic environment, boosting member trust and loyalty."
"['Water temperature', 'Toilet cleanliness', 'Overall cleanliness and maintenance']","1. Implement a regular maintenance schedule to ensure optimal water temperature and cleanliness.
2. Establish a hygiene protocol for staff to maintain toilet cleanliness and overall facility cleanliness.
3. Monitor and adjust water temperature settings to enhance member satisfaction and comfort.
4. Conduct regular cleanliness audits to identify areas for improvement in overall maintenance.
5. Invest in staff training programs focused on hygiene and cleanliness standards."
"['Water quality', 'Hydration options', 'Water availability']","1. Implement regular water quality testing and ensure compliance with health standards.
2. Expand hydration options by offering a variety of beverages, including water, electrolyte drinks, and herbal teas.
3. Increase water availability by installing additional water stations and ensuring sufficient supply in all gym areas."
"['Air Conditioning', 'Treadmill Maintenance', 'Workout Environment']","1. Invest in regular maintenance and upgrades for air conditioning systems to ensure a comfortable workout environment.
2. Implement a strict treadmill maintenance schedule to minimize downtime and ensure equipment reliability.
3. Enhance the workout environment by incorporating additional amenities, such as soundproofing and ergonomic flooring, to attract and retain members."
"['Air conditioning system', 'Cleanliness and maintenance', 'Equipment functionality']","1. Invest in energy-efficient air conditioning to reduce operational costs and improve member comfort.
2. Implement a regular cleaning and maintenance schedule to ensure a hygienic environment and prevent equipment breakdowns.
3. Conduct routine equipment checks and maintenance to ensure optimal functionality and member satisfaction."
"['24/7 access to showers', 'changing rooms', 'customer service resolution']","1. Enhance customer satisfaction by ensuring 24/7 access to showers and changing rooms.
2. Invest in staff training to improve customer service resolution efficiency.
3. Monitor and maintain the cleanliness and availability of showers and changing rooms to prevent customer complaints.
4. Implement a feedback system to identify and address any issues related to showers, changing rooms, and customer service promptly.
5. Promote the availability of 24/7 facilities and exceptional customer service in marketing campaigns to attract and retain members."
"['Cleanliness', 'Equipment Maintenance', 'Customer Service']","1. Implement a regular cleaning schedule to ensure a hygienic environment.
2. Establish a routine equipment maintenance program to keep all machines in optimal condition.
3. Train staff in customer service best practices to enhance member satisfaction."
"['Equipment availability', 'Class scheduling', 'Sound levels']","1. Optimize equipment allocation to ensure high availability and reduce wait times.
2. Implement a dynamic class scheduling system to maximize gym capacity and accommodate more members.
3. Monitor and adjust sound levels to create a comfortable environment for all gym-goers."
"['gym security', 'gym ventilation', 'gym equipment']","1. Enhance gym security by implementing advanced surveillance systems and hiring trained security personnel.
2. Improve gym ventilation by investing in high-quality air filtration systems and ensuring regular maintenance.
3. Regularly maintain and upgrade gym equipment to ensure safety, functionality, and customer satisfaction."
"['Ventilation', 'Air Quality', 'Equipment Maintenance']","1. Implement regular maintenance schedules for gym equipment to ensure safety and optimal performance.
2. Invest in high-quality air filtration systems to improve air quality and create a healthier workout environment.
3. Monitor and adjust ventilation systems to maintain proper airflow and reduce the risk of airborne contaminants."
"['Music selection', 'Power management', 'User experience']","1. Optimize music playlists to enhance workout motivation and energy levels.
2. Implement energy-efficient equipment and lighting to reduce operational costs.
3. Improve user interface and accessibility to increase member satisfaction and retention."
"['Improve free weights usage', 'Enhance soap and toilet maintenance', 'Optimize leg press machine functionality']","1. Increase free weights usage by offering targeted training programs and workshops to attract more members.
2. Implement a regular maintenance schedule for soap and toilet facilities to ensure cleanliness and hygiene.
3. Upgrade and maintain leg press machines to ensure optimal performance and safety for gym members.
4. Promote the benefits of free weights and leg press machines through marketing campaigns to increase their usage.
5. Gather member feedback on free weights and leg press machines to identify areas for improvement and enhance overall satisfaction."
"['Organising', 'Class location', 'Music volume']","1. Optimize class schedules to maximize gym occupancy and member satisfaction.
2. Strategically place classes in high-traffic areas to attract more members.
3. Implement a standardized music volume policy to ensure a comfortable environment for all members."
"['Locker room security', 'Staff behavior and training', 'Membership suspension process']","1. Implement a locker room access control system to enhance security and prevent unauthorized entry.
2. Develop a comprehensive staff training program focused on customer service, conflict resolution, and gym etiquette.
3. Streamline the membership suspension process to ensure timely and fair enforcement of gym policies."
"['Cleanliness of equipment', 'Availability of clean equipment', 'Maintenance of equipment']","1. Implement a regular cleaning schedule for all gym equipment to ensure cleanliness and hygiene.
2. Increase the number of cleaning staff or allocate more time for existing staff to maintain the availability of clean equipment.
3. Establish a routine maintenance program to extend the lifespan of gym equipment and prevent breakdowns."
"['Air conditioning', 'Ventilation', 'Climate control']","1. Invest in energy-efficient air conditioning systems to reduce operational costs and attract environmentally conscious members.
2. Implement a regular maintenance schedule for ventilation systems to ensure optimal air quality and member comfort.
3. Explore climate control solutions that balance member comfort with energy efficiency to enhance the gym's sustainability and appeal."
"['Class layout and space utilization', 'Instructor training and mic management', 'Class scheduling and equipment placement']","1. Optimize class layout for maximum space utilization and member comfort.
2. Implement a comprehensive instructor training program focusing on mic management and effective communication.
3. Develop a dynamic class scheduling system to ensure optimal equipment placement and member satisfaction."
"['Return Weights Rack Policy', 'Gym Floor Cleanliness', 'Lack of Foldable Plastic Benches']","1. Implement a clear return policy for weights racks to ensure customer satisfaction and reduce confusion.
2. Increase the frequency of gym floor cleaning to maintain a hygienic and welcoming environment.
3. Invest in foldable plastic benches to provide flexible seating options and accommodate more members."
